AVG Vine Star_Rating,AVG Non-Vine Star Rating: ,Pearson Corr,Kendall Corr,Spearmen Corr,Biserial Corr,P-value
4.0,4.47239263803681,-0.04117107275029794,-0.08358270415379088,-0.08680547973969935,-0.041171072750298035,0.6006707413949594
Product ID,Avg Vine SR,Avg NonVine SR
B00BRUPICM,4.0,4.47239263803681
