AVG Vine Star_Rating,AVG Non-Vine Star Rating: ,Pearson Corr,Kendall Corr,Spearmen Corr,Biserial Corr,P-value
4.587628865979381,4.186046511627907,0.1324844682210963,0.06072755295524373,0.06419453604309364,0.1324844682210965,0.003500276441407264
Product ID,Avg Vine SR,Avg NonVine SR
B001TH7GT6,4.666666666666667,4.700934579439252
B002C1BHIO,4.782608695652174,4.344827586206897
B003ES5ZPK,4.608695652173913,3.375
B005YVTHT0,3.888888888888889,3.8947368421052633
B0090CVJZ4,4.571428571428571,4.183206106870229
