AVG Vine Star_Rating,AVG Non-Vine Star Rating: ,Pearson Corr,Kendall Corr,Spearmen Corr,Biserial Corr,P-value
4.375,3.958071278825996,0.035712141168944486,0.005383736868710708,0.005762103640492981,0.03571214116894457,0.43262992762138847
Product ID,Avg Vine SR,Avg NonVine SR
B00H43WOAK,4.375,3.958071278825996
