AVG Vine Star_Rating,AVG Non-Vine Star Rating: ,Pearson Corr,Kendall Corr,Spearmen Corr,Biserial Corr,P-value
3.831932773109244,4.367892976588629,-0.24892173843589507,-0.2953460605338102,-0.3145977593592703,-0.24892173843589496,2.5316384553662983e-07
Product ID,Avg Vine SR,Avg NonVine SR
B0010VD7EO,3.8333333333333335,4.386861313868613
B0015I2P0Y,4.0344827586206895,4.397260273972603
B001SMC91M,3.9655172413793105,4.592592592592593
B003CIG7AE,3.5161290322580645,4.193548387096774
