AVG Vine Star_Rating,AVG Non-Vine Star Rating: ,Pearson Corr,Kendall Corr,Spearmen Corr,Biserial Corr,P-value
3.4210526315789473,3.6302046577275937,-0.01573226908729943,-0.035157133882802616,-0.03851332821286019,-0.01573226908729947,0.5513852770754417
Product ID,Avg Vine SR,Avg NonVine SR
B00ACP3OOM,3.888888888888889,3.50418410041841
B00CW7KK9K,3.0,3.6943556975505856
