AVG Vine Star_Rating,AVG Non-Vine Star Rating: ,Pearson Corr,Kendall Corr,Spearmen Corr,Biserial Corr,P-value
3.6904761904761907,3.3699421965317917,0.05602318292112646,0.02131351109744806,0.023630322623087757,0.05602318292112653,0.060662245719838234
Product ID,Avg Vine SR,Avg NonVine SR
B003V4AK8E,3.7666666666666666,3.1529209621993126
B003YBUSMW,4.666666666666667,3.8813559322033897
B005LN5UOC,3.4,3.6538461538461537
B00EI4V3X2,3.857142857142857,3.5972696245733786
