AVG Vine Star_Rating,AVG Non-Vine Star Rating: ,Pearson Corr,Kendall Corr,Spearmen Corr,Biserial Corr,P-value
4.21875,4.343354430379747,-0.024037605961543525,-0.08858727626918167,-0.09340366356977917,-0.02403760596154363,0.5363591086952968
Product ID,Avg Vine SR,Avg NonVine SR
B000FVE3AC,4.333333333333333,4.476923076923077
B005FMZVLQ,4.5,4.32258064516129
B005FMZWD8,4.555555555555555,4.237704918032787
B005FMZX9Q,3.6,4.28125
